node,vt,mult,n_bits,prod_bits,csa_stages,fo4_per_csa_stage,cpa_levels,fo4_per_cpa_level,fo4_ppg,total_fo4,est_delay_ps,est_delay_ns,target_freq_MHz,target_period_ns,timing_margin_ps,meets_500MHz
45nm (Nangate45/FreePDK45),typ,22x22,22,44,8,1.6,6,2.0,1.0,25.8,464.40000000000003,0.46440000000000003,500,2.0,1535.6,True
45nm (Nangate45/FreePDK45),typ,32x32,32,64,9,1.6,6,2.0,1.0,27.4,493.2,0.49319999999999997,500,2.0,1506.8,True
7nm (ASAP7) RVT,RVT,22x22,22,44,8,1.6,6,2.0,1.0,25.8,208.98,0.20898,500,2.0,1791.02,True
7nm (ASAP7) RVT,RVT,32x32,32,64,9,1.6,6,2.0,1.0,27.4,221.93999999999997,0.22193999999999997,500,2.0,1778.06,True
7nm (ASAP7) LVT,LVT,22x22,22,44,8,1.6,6,2.0,1.0,25.8,175.44,0.17543999999999998,500,2.0,1824.56,True
7nm (ASAP7) LVT,LVT,32x32,32,64,9,1.6,6,2.0,1.0,27.4,186.32,0.18631999999999999,500,2.0,1813.68,True
7nm (ASAP7) SLVT,SLVT,22x22,22,44,8,1.6,6,2.0,1.0,25.8,154.8,0.15480000000000002,500,2.0,1845.2,True
7nm (ASAP7) SLVT,SLVT,32x32,32,64,9,1.6,6,2.0,1.0,27.4,164.39999999999998,0.1644,500,2.0,1835.6,True
